Fecha_Captura,Ticker,Precio_Actual,Cierre anterior,Abrir,Oferta,Precio de compra,Rango diario,Intervalo de 52 semanas,Volumen,Prom. volumen,Capitalización de mercado (intradía),Beta (5 años al mes),Ratio precio/beneficio (TMTM),BPA (TTM):,Fecha de beneficios,Previsión de rentabilidad y dividendo,Fecha de exdividendo,Objetivo est 1a
2026-02-27 18:08:25,AAPL,"266,97","272,95","272,81","266,49 x 200","273,97 x 400","266,75 - 272,81","169,21 - 288,62",17.282.422,47.560.388,"3,924B","1,11","33,84","7,89",30 abr 2026,"1,04 (0,38%)",9 feb 2026,"293,07"
2026-02-27 18:08:34,TSLA,"400,09","408,58","402,94","400,14 x 200","418,00 x 200","399,03 - 407,11","214,25 - 498,83",29.771.597,65.798.026,"1,501B","1,89","377,46","1,06",21 abr 2026,--,--,"421,73"
2026-02-28 01:22:02,AAPL,"264,18","272,95","272,81","263,07 x 1000","264,43 x 200","262,89 - 272,81","169,21 - 288,62",71.592.273,47.560.388,"3,883B","1,11","33,48","7,89",30 abr 2026,"1,04 (0,38%)",9 feb 2026,"293,07"
2026-02-28 01:22:12,TSLA,"402,51","408,58","402,94","402,25 x 200","402,90 x 100","398,12 - 407,11","214,25 - 498,83",56.415.999,65.798.026,"1,51B","1,89","379,73","1,06",21 abr 2026,--,--,"421,73"
2026-03-01 01:50:19,AAPL,"264,18","272,95","272,81","263,07 x 1000","264,43 x 200","262,89 - 272,81","169,21 - 288,62",59.494.114,48.445.871,"3,883B","1,11","33,44","7,90",30 abr 2026,"1,04 (0,39%)",9 feb 2026,"293,07"
2026-03-01 01:50:29,TSLA,"402,51","408,58","402,94","402,25 x 200","402,90 x 100","398,12 - 407,11","214,25 - 498,83",56.415.999,66.280.905,"1,51B","1,89","369,28","1,09",21 abr 2026,--,--,"421,73"
2026-03-02 01:29:51,AAPL,"264,18","272,95","272,81","263,07 x 1000","264,43 x 200","262,89 - 272,81","169,21 - 288,62",59.494.114,48.445.871,"3,883B","1,11","33,44","7,90",30 abr 2026,"1,04 (0,39%)",9 feb 2026,"293,07"
2026-03-02 01:30:00,TSLA,"402,51","408,58","402,94","402,25 x 200","402,90 x 100","398,12 - 407,11","214,25 - 498,83",56.890.097,66.280.905,"1,51B","1,89","369,28","1,09",21 abr 2026,--,--,"421,73"
2026-03-03 01:45:06,AAPL,"264,72","264,18","262,44","264,45 x 100","265,05 x 200","260,20 - 266,53","169,21 - 288,62",41.576.035,48.440.415,"3,891B","1,11","33,42","7,92",30 abr 2026,"1,04 (0,39%)",9 feb 2026,"293,07"
2026-03-03 01:45:15,TSLA,"403,32","402,51","390,32","403,06 x 200","414,20 x 100","388,25 - 404,54","214,25 - 498,83",52.697.218,66.229.113,"1,513B","1,89","370,02","1,09",21 abr 2026,--,--,"421,73"
2026-03-04 01:27:50,AAPL,"263,75","264,72","263,48","263,50 x 100","276,41 x 100","260,13 - 265,56","169,21 - 288,62",34.853.681,48.329.683,"3,877B","1,12","33,43","7,89",30 abr 2026,"1,04 (0,39%)",9 feb 2026,"293,29"
2026-03-04 01:27:58,TSLA,"392,43","403,32","395,09","392,18 x 200","392,79 x 200","385,40 - 396,34","214,25 - 498,83",62.317.429,65.680.132,"1,473B","1,93","360,03","1,09",21 abr 2026,--,--,"420,90"
2026-03-05 01:29:50,AAPL,"262,52","263,75","264,65","262,13 x 200","272,94 x 500","261,42 - 266,15","169,21 - 288,62",39.258.957,48.236.911,"3,858B","1,12","33,19","7,91",30 abr 2026,"1,04 (0,39%)",9 feb 2026,"293,29"
2026-03-05 01:30:01,TSLA,"405,94","392,43","397,85","405,67 x 200","406,24 x 400","394,59 - 408,33","214,25 - 498,83",67.670.354,65.521.808,"1,523B","1,93","369,04","1,10",21 abr 2026,--,--,"421,86"
2026-03-06 01:43:54,AAPL,"260,29","262,52","260,74","259,88 x 400","260,33 x 400","257,25 - 261,55","169,21 - 288,62",49.424.671,48.111.262,"3,826B","1,12","33,24","7,83",30 abr 2026,"1,04 (0,40%)",9 feb 2026,"292,15"
2026-03-06 01:44:03,TSLA,"405,55","405,94","401,57","405,23 x 200","405,89 x 200","399,42 - 408,62","214,25 - 498,83",51.653.564,65.723.318,"1,522B","1,93","372,06","1,09",21 abr 2026,--,--,"421,61"
2026-03-07 01:25:14,AAPL,"257,46","260,29","258,74","256,93 x 200","271,51 x 100","254,37 - 258,76","169,21 - 288,62",40.628.988,48.136.180,"3,784B","1,12","32,55","7,91",30 abr 2026,"1,04 (0,40%)",9 feb 2026,"292,15"
2026-03-07 01:25:23,TSLA,"396,73","405,55","398,18","396,45 x 200","397,57 x 200","394,22 - 402,35","214,25 - 498,83",63.495.510,65.493.553,"1,489B","1,93","363,97","1,09",21 abr 2026,--,--,"421,61"
2026-03-08 01:42:20,AAPL,"257,46","260,29","258,74","256,93 x 200","271,51 x 100","254,37 - 258,76","169,21 - 288,62",40.628.988,48.022.439,"3,784B","1,12","32,59","7,90",30 abr 2026,"1,04 (0,40%)",9 feb 2026,"292,15"
2026-03-08 01:42:28,TSLA,"396,73","405,55","398,18","396,45 x 200","397,57 x 200","394,22 - 402,35","214,25 - 498,83",63.495.510,65.469.460,"1,489B","1,93","370,78","1,07",21 abr 2026,--,--,"421,61"
2026-03-09 01:44:03,AAPL,"257,46","260,29","258,74","256,93 x 200","271,51 x 100","254,37 - 258,76","169,21 - 288,62",41.120.042,48.185.950,"3,784B","1,12","32,59","7,90",30 abr 2026,"1,04 (0,40%)",9 feb 2026,"292,15"
2026-03-09 01:44:12,TSLA,"396,73","405,55","398,18","396,45 x 200","397,57 x 200","394,22 - 402,35","214,25 - 498,83",64.054.561,65.407.855,"1,489B","1,93","370,78","1,07",21 abr 2026,--,--,"421,61"
2026-03-10 01:25:47,AAPL,"259,88","257,46","255,69","259,67 x 500","260,11 x 400","253,68 - 261,15","169,21 - 288,62",37.958.303,48.457.011,"3,82B","1,12","32,90","7,90",30 abr 2026,"1,04 (0,40%)",9 feb 2026,"295,44"
2026-03-10 01:25:56,TSLA,"398,68","396,73","390,05","398,25 x 300","399,05 x 200","381,40 - 401,58","214,25 - 498,83",66.410.328,65.459.388,"1,496B","1,93","369,15","1,08",21 abr 2026,--,--,"421,61"
2026-03-11 01:26:01,AAPL,"260,83","259,88","257,70","244,62 x 100","261,09 x 100","256,95 - 262,48","169,21 - 288,62",26.403.306,48.544.150,"3,834B","1,12","33,02","7,90",30 abr 2026,"1,04 (0,40%)",9 feb 2026,"295,44"
2026-03-11 01:26:11,TSLA,"399,23","398,68","402,05","398,74 x 200","399,14 x 200","398,19 - 406,58","214,25 - 498,83",59.079.142,65.522.916,"1,498B","1,93","369,66","1,08",21 abr 2026,--,--,"421,61"
2026-03-12 01:25:49,AAPL,"260,81","260,83","261,21","247,96 x 100","274,36 x 100","259,55 - 262,13","169,21 - 288,62",25.826.274,48.499.306,"3,833B","1,12","33,01","7,90",30 abr 2026,"1,04 (0,40%)",9 feb 2026,"295,44"
2026-03-12 01:26:00,TSLA,"407,82","399,23","402,22","407,34 x 200","408,09 x 200","402,15 - 416,38","214,25 - 498,83",62.101.725,65.579.974,"1,53B","1,93","370,75","1,10",21 abr 2026,--,--,"421,61"
2026-03-13 01:29:30,AAPL,"255,76","260,81","258,64","255,52 x 100","256,01 x 200","254,18 - 258,95","169,21 - 288,62",40.132.517,48.273.077,"3,759B","1,12","32,37","7,90",30 abr 2026,"1,04 (0,40%)",9 feb 2026,"295,44"
2026-03-13 01:29:40,TSLA,"395,01","407,82","405,10","390,39 x 200","395,28 x 600","394,65 - 406,50","214,25 - 498,83",59.382.702,65.015.127,"1,482B","1,93","372,65","1,06",21 abr 2026,--,--,"421,61"
2026-03-14 01:27:54,AAPL,"250,12","255,76","255,40","240,00 x 100","250,65 x 300","249,52 - 256,33","169,21 - 288,62",34.193.754,48.148.690,"3,676B","1,12","31,66","7,90",30 abr 2026,"1,04 (0,42%)",9 feb 2026,"295,44"
2026-03-14 01:28:04,TSLA,"391,20","395,01","399,17","391,86 x 100","391,65 x 100","389,95 - 400,16","214,25 - 498,83",57.370.326,64.950.101,"1,468B","1,93","365,61","1,07",21 abr 2026,--,--,"421,61"
2026-03-15 01:53:30,AAPL,"250,12","255,76","255,40","240,00 x 100","250,65 x 300","249,52 - 256,33","169,21 - 288,62",34.193.754,47.924.558,"3,676B","1,12","31,66","7,90",30 abr 2026,"1,04 (0,42%)",9 feb 2026,"295,44"
2026-03-15 01:53:39,TSLA,"391,20","395,01","399,17","391,86 x 100","391,65 x 100","389,95 - 400,16","214,25 - 498,83",57.370.326,64.016.690,"1,468B","1,93","355,64","1,10",21 abr 2026,--,--,"421,61"
2026-03-16 01:54:39,AAPL,"250,12","255,76","255,40","240,00 x 100","250,65 x 300","249,52 - 256,33","169,21 - 288,62",36.929.988,48.098.727,"3,676B","1,12","31,66","7,90",30 abr 2026,"1,04 (0,42%)",9 feb 2026,"295,44"
2026-03-16 01:54:47,TSLA,"391,20","395,01","399,17","391,86 x 100","391,65 x 100","389,95 - 400,16","214,25 - 498,83",58.504.091,63.277.852,"1,468B","1,93","355,64","1,10",21 abr 2026,--,--,"421,61"
2026-03-17 01:43:42,AAPL,"252,82","250,12","252,10","252,50 x 400","252,96 x 100","249,88 - 253,88","169,21 - 288,62",30.091.880,48.098.727,"3,716B","1,12","32,04","7,89",30 abr 2026,"1,04 (0,41%)",9 feb 2026,"295,44"
2026-03-17 01:43:51,TSLA,"395,56","391,20","396,12","395,32 x 200","395,73 x 200","394,42 - 403,73","214,25 - 498,83",57.799.658,63.277.852,"1,484B","1,93","369,68","1,07",21 abr 2026,--,--,"421,61"
2026-03-18 01:47:54,AAPL,"254,23","252,82","253,08","253,86 x 200","265,62 x 100","252,18 - 255,13","169,21 - 288,62",27.556.024,47.466.349,"3,737B","1,12","32,06","7,93",30 abr 2026,"1,04 (0,41%)",9 feb 2026,"295,44"
2026-03-18 01:48:03,TSLA,"399,27","395,56","395,69","398,49 x 200","399,28 x 200","393,00 - 400,12","214,25 - 498,83",46.052.732,61.640.223,"1,498B","1,93","369,69","1,08",21 abr 2026,--,--,"421,61"
2026-03-19 01:48:21,AAPL,"249,94","254,23","252,62","249,67 x 100","250,06 x 200","249,00 - 254,94","169,21 - 288,62",34.652.568,47.466.349,"3,674B","1,12","31,64","7,90",30 abr 2026,"1,04 (0,42%)",9 feb 2026,"295,44"
2026-03-19 01:48:30,TSLA,"392,78","399,27","399,00","392,38 x 200","393,05 x 400","392,31 - 403,07","214,25 - 498,83",49.612.648,61.640.223,"1,474B","1,93","370,55","1,06",21 abr 2026,--,--,"421,61"
2026-03-20 01:42:57,AAPL,"248,96","249,94","249,40","248,75 x 100","249,07 x 100","247,30 - 251,83","169,21 - 288,62",34.568.663,45.620.586,"3,659B","1,12","31,51","7,90",30 abr 2026,"1,04 (0,42%)",9 feb 2026,"295,44"
2026-03-20 01:43:05,TSLA,"380,30","392,78","387,20","382,16 x 200","380,47 x 100","378,73 - 387,20","214,25 - 498,83",66.549.732,60.750.154,"1,427B","1,93","358,77","1,06",21 abr 2026,--,--,"421,61"
2026-03-21 01:25:51,AAPL,"247,99","248,96","248,11","235,77 x 100","248,06 x 100","246,00 - 249,20","169,21 - 288,62",87.981.315,45.621.310,"3,645B","1,12","31,55","7,86",30 abr 2026,"1,04 (0,42%)",9 feb 2026,"295,44"
2026-03-21 01:25:59,TSLA,"367,96","380,30","379,39","367,32 x 500","368,07 x 500","364,46 - 379,89","214,25 - 498,83",74.649.199,60.752.667,"1,381B","1,93","357,24","1,03",21 abr 2026,--,--,"421,27"
2026-03-22 01:47:26,AAPL,"247,99","248,96","248,11","235,77 x 100","248,06 x 100","246,00 - 249,20","169,21 - 288,62",87.981.315,46.303.626,"3,645B","1,12","31,35","7,91",30 abr 2026,"1,04 (0,42%)",9 feb 2026,"295,44"
2026-03-22 01:47:35,TSLA,"367,96","380,30","379,39","367,32 x 500","368,07 x 500","364,46 - 379,89","214,25 - 498,83",74.649.199,60.714.488,"1,381B","1,93","343,89","1,07",21 abr 2026,--,--,"421,27"
2026-03-23 01:48:56,AAPL,"247,99","248,96","248,11","235,77 x 100","248,06 x 100","246,00 - 249,20","169,21 - 288,62",88.331.081,46.303.626,"3,645B","1,12","31,35","7,91",30 abr 2026,"1,04 (0,42%)",9 feb 2026,"295,44"
2026-03-23 01:49:05,TSLA,"367,96","380,30","379,39","367,32 x 500","368,07 x 500","364,46 - 379,89","214,25 - 498,83",78.628.603,60.714.488,"1,381B","1,93","343,89","1,07",21 abr 2026,--,--,"421,27"
2026-03-24 01:28:57,AAPL,"251,49","247,99","253,99","252,51 x 200","254,98 x 300","250,28 - 254,56","169,21 - 288,62",37.465.587,46.586.027,"3,696B","1,12","31,79","7,91",30 abr 2026,"1,04 (0,42%)",9 feb 2026,"295,44"
2026-03-24 01:29:06,TSLA,"380,85","367,96","373,08","378,02 x 100","385,00 x 100","372,73 - 385,33","214,25 - 498,83",72.583.482,60.756.706,"1,429B","1,93","355,93","1,07",21 abr 2026,--,--,"421,27"
2026-03-25 01:46:47,AAPL,"251,64","251,49","250,49","251,28 x 200","263,09 x 100","249,55 - 254,82","169,21 - 288,62",27.882.961,46.970.076,"3,699B","1,12","31,85","7,90",30 abr 2026,"1,04 (0,41%)",9 feb 2026,"295,31"
2026-03-25 01:46:55,TSLA,"383,03","380,85","376,70","382,74 x 300","383,25 x 200","376,31 - 387,47","214,25 - 498,83",59.674.483,61.324.186,"1,437B","1,93","357,97","1,07",21 abr 2026,--,--,"421,27"
2026-03-26 01:52:40,AAPL,"252,62","251,64","254,02","252,19 x 200","255,00 x 200","251,60 - 254,98","169,21 - 288,62",27.690.948,46.586.027,"3,713B","1,12","31,94","7,91",30 abr 2026,"1,04 (0,41%)",9 feb 2026,"295,31"
2026-03-26 01:52:49,TSLA,"385,95","383,03","389,99","385,42 x 200","386,22 x 200","385,01 - 396,22","214,25 - 498,83",54.787.532,60.756.706,"1,448B","1,93","357,36","1,08",21 abr 2026,--,--,"421,27"
2026-03-27 01:52:47,AAPL,"252,89","252,62","251,99","252,80 x 100","253,21 x 100","250,77 - 257,00","169,21 - 288,62",41.331.888,46.968.588,"3,717B","1,12","32,05","7,89",30 abr 2026,"1,04 (0,41%)",9 feb 2026,"295,31"
2026-03-27 01:52:56,TSLA,"372,11","385,95","381,83","371,79 x 100","372,37 x 200","371,87 - 384,44","214,25 - 498,83",54.835.418,61.147.470,"1,396B","1,93","357,80","1,04",21 abr 2026,--,--,"421,27"
2026-03-28 01:44:46,AAPL,"248,80","252,89","253,91","248,70 x 100","248,97 x 100","248,07 - 255,49","169,21 - 288,62",46.525.772,46.586.027,"3,657B","1,12","31,45","7,91",30 abr 2026,"1,04 (0,41%)",9 feb 2026,"295,31"
2026-03-28 01:44:55,TSLA,"361,83","372,11","369,69","361,76 x 200","366,00 x 1100","359,48 - 369,86","214,25 - 498,83",60.620.359,60.756.706,"1,358B","1,93","331,95","1,09",21 abr 2026,--,--,"421,27"
2026-03-29 01:55:21,AAPL,"248,80","252,89","253,91","248,70 x 100","248,97 x 100","248,07 - 255,49","169,21 - 288,62",46.525.772,46.586.027,"3,657B","1,12","31,45","7,91",30 abr 2026,"1,04 (0,42%)",9 feb 2026,"295,31"
2026-03-29 01:55:30,TSLA,"361,83","372,11","369,69","361,76 x 200","366,00 x 1100","359,48 - 369,86","214,25 - 498,83",60.620.359,60.756.706,"1,358B","1,93","331,95","1,09",21 abr 2026,--,--,"421,27"
2026-03-30 01:57:57,AAPL,"248,80","252,89","253,91","248,70 x 100","248,97 x 100","248,07 - 255,49","169,21 - 288,62",47.899.998,46.586.027,"3,657B","1,12","31,45","7,91",30 abr 2026,"1,04 (0,42%)",9 feb 2026,"295,31"
2026-03-30 01:58:06,TSLA,"361,83","372,11","369,69","361,76 x 200","366,00 x 1100","359,47 - 369,86","214,25 - 498,83",62.065.659,60.756.706,"1,358B","1,93","331,95","1,09",21 abr 2026,--,--,"421,27"
2026-03-31 01:53:34,AAPL,"246,63","248,80","249,99","237,54 x 100","247,09 x 500","245,51 - 250,84","169,21 - 288,62",38.248.670,46.586.027,"3,625B","1,12","31,26","7,89",30 abr 2026,"1,04 (0,42%)",9 feb 2026,"295,31"
2026-03-31 01:53:43,TSLA,"355,28","361,83","365,86","354,94 x 100","355,68 x 100","352,14 - 367,28","214,25 - 498,83",64.411.027,60.756.706,"1,333B","1,93","332,04","1,07",21 abr 2026,--,--,"421,27"
2026-04-01 02:02:00,AAPL,"253,79","246,63","247,89","253,67 x 800","253,98 x 500","247,10 - 255,36","169,21 - 288,62",48.770.963,47.989.598,"3,73B","1,12","32,17","7,89",30 abr 2026,"1,04 (0,42%)",9 feb 2026,"295,31"
2026-04-01 02:02:09,TSLA,"371,75","355,28","361,62","371,32 x 600","371,81 x 200","361,24 - 373,33","214,25 - 498,83",75.198.376,61.427.336,"1,395B","1,93","347,43","1,07",21 abr 2026,--,--,"421,27"
2026-04-02 01:50:44,AAPL,"255,63","253,79","254,30","255,31 x 500","255,88 x 500","253,33 - 256,18","169,21 - 288,62",35.595.400,48.051.409,"3,757B","1,12","32,40","7,89",30 abr 2026,"1,04 (0,41%)",9 feb 2026,"295,07"
2026-04-02 01:50:53,TSLA,"381,26","371,75","378,77","381,11 x 500","380,83 x 200","374,08 - 383,14","214,25 - 498,83",55.816.862,61.654.581,"1,431B","1,93","353,02","1,08",21 abr 2026,--,--,"418,83"
2026-04-03 01:51:52,AAPL,"255,92","255,63","254,14","241,35 x 100","266,91 x 100","250,65 - 256,13","169,21 - 288,62",26.686.584,48.052.381,"3,761B","1,12","32,39","7,90",30 abr 2026,"1,04 (0,41%)",9 feb 2026,"295,07"
2026-04-03 01:52:01,TSLA,"360,59","381,26","364,03","360,15 x 100","360,56 x 800","359,03 - 370,26","214,25 - 498,83",82.532.959,61.215.768,"1,353B","1,93","333,88","1,08",22 abr 2026,--,--,"418,83"
2026-04-04 01:45:18,AAPL,"255,92","255,63","254,14","241,35 x 100","266,91 x 100","250,65 - 256,13","169,21 - 288,62",26.686.584,47.782.011,"3,761B","1,11","32,35","7,91",30 abr 2026,"1,04 (0,41%)",9 feb 2026,"295,07"
2026-04-04 01:45:27,TSLA,"360,59","381,26","364,03","360,15 x 100","360,56 x 800","359,03 - 370,26","214,25 - 498,83",82.532.959,61.570.237,"1,353B","1,91","333,88","1,08",22 abr 2026,--,--,"417,08"
2026-04-05 01:57:31,AAPL,"255,92","255,63","254,14","241,35 x 100","266,91 x 100","250,65 - 256,13","169,21 - 288,62",26.686.584,47.817.008,"3,761B","1,11","32,35","7,91",30 abr 2026,"1,04 (0,41%)",9 feb 2026,"295,07"
2026-04-05 01:57:40,TSLA,"360,59","381,26","364,03","360,15 x 100","360,56 x 800","359,03 - 370,26","214,25 - 498,83",82.532.959,61.570.237,"1,353B","1,91","333,88","1,08",22 abr 2026,--,--,"417,08"
2026-04-06 01:58:37,AAPL,"255,92","255,63","254,14","241,35 x 100","266,91 x 100","250,65 - 256,13","169,21 - 288,62",31.289.369,47.741.423,"3,761B","1,11","32,35","7,91",30 abr 2026,"1,04 (0,41%)",9 feb 2026,"295,07"
2026-04-06 01:58:46,TSLA,"360,59","381,26","364,03","360,15 x 100","360,56 x 800","359,03 - 370,26","214,25 - 498,83",83.031.226,61.005.335,"1,353B","1,91","333,88","1,08",22 abr 2026,--,--,"416,15"
2026-04-07 01:54:53,AAPL,"258,86","255,92","256,96","258,51 x 400","258,96 x 400","256,48 - 262,16","169,21 - 288,62",29.319.825,47.424.558,"3,805B","1,11","32,73","7,91",30 abr 2026,"1,04 (0,41%)",9 feb 2026,"295,07"
2026-04-07 01:55:01,TSLA,"352,82","360,59","362,59","352,05 x 200","352,82 x 100","346,64 - 367,70","217,80 - 498,83",77.469.635,61.296.293,"1,324B","1,91","326,69","1,08",22 abr 2026,--,--,"416,15"
2026-04-08 01:55:39,AAPL,"253,50","258,86","256,15","252,55 x 400","253,75 x 300","245,70 - 256,19","169,21 - 288,62",60.820.961,47.424.558,"3,726B","1,11","32,09","7,90",30 abr 2026,"1,04 (0,41%)",9 feb 2026,"295,32"
2026-04-08 01:55:47,TSLA,"346,65","352,82","346,44","346,35 x 100","347,06 x 100","337,24 - 348,02","217,80 - 498,83",68.293.044,61.296.293,"1,301B","1,91","323,97","1,07",22 abr 2026,--,--,"416,15"
2026-04-09 01:47:27,AAPL,"258,90","253,50","258,51","258,46 x 200","258,97 x 300","256,53 - 259,75","169,21 - 288,62",39.655.304,47.424.558,"3,805B","1,11","32,73","7,91",30 abr 2026,"1,04 (0,40%)",9 feb 2026,"295,32"
2026-04-09 01:47:36,TSLA,"343,25","346,65","363,80","342,57 x 100","350,60 x 400","339,67 - 364,50","217,80 - 498,83",78.262.380,61.296.293,"1,288B","1,91","323,82","1,06",22 abr 2026,--,--,"416,15"
2026-04-10 01:59:45,AAPL,"260,49","258,90","259,37","260,29 x 100","260,71 x 100","256,07 - 261,12","186,06 - 288,62",26.229.474,47.317.286,"3,829B","1,11","33,02","7,89",30 abr 2026,"1,04 (0,40%)",9 feb 2026,"296,12"
2026-04-10 01:59:54,TSLA,"345,62","343,25","343,03","345,36 x 100","345,12 x 500","337,25 - 348,88","222,79 - 498,83",61.134.264,61.789.939,"1,297B","1,91","326,06","1,06",22 abr 2026,--,--,"416,15"
2026-04-11 01:49:37,AAPL,"260,48","260,49","259,95","260,20 x 100","260,63 x 200","259,02 - 262,19","189,81 - 288,62",28.217.892,47.058.888,"3,829B","1,11","33,01","7,89",30 abr 2026,"1,04 (0,40%)",9 feb 2026,"296,12"
2026-04-11 01:49:45,TSLA,"348,95","345,58","346,29","344,15 x 200","348,97 x 400","342,74 - 350,36","222,79 - 498,83",50.310.339,61.619.030,"1,309B","1,91","323,10","1,08",22 abr 2026,--,--,"416,15"
2026-04-12 02:01:52,AAPL,"260,48","260,49","259,95","260,20 x 100","260,63 x 200","259,02 - 262,19","189,81 - 288,62",27.978.507,47.088.316,"3,829B","1,11","33,01","7,89",30 abr 2026,"1,04 (0,40%)",9 feb 2026,"296,33"
2026-04-12 02:02:01,TSLA,"348,95","345,58","346,29","344,15 x 200","348,97 x 400","342,74 - 350,36","222,79 - 498,83",50.310.339,61.618.529,"1,309B","1,91","323,10","1,08",22 abr 2026,--,--,"416,15"
2026-04-13 02:06:26,AAPL,"260,48","260,49","259,95","260,20 x 100","260,63 x 200","259,02 - 262,19","189,81 - 288,62",23.433.118,47.110.941,"3,829B","1,11","33,01","7,89",30 abr 2026,"1,04 (0,40%)",9 feb 2026,"296,33"
2026-04-13 02:06:35,TSLA,"348,95","345,58","346,29","344,15 x 200","348,97 x 400","342,74 - 350,36","222,79 - 498,83",50.310.339,61.618.529,"1,309B","1,91","323,10","1,08",22 abr 2026,--,--,"416,15"
2026-04-14 02:01:27,AAPL,"259,20","260,48","259,86","246,51 x 100","272,99 x 100","256,66 - 260,18","189,81 - 288,62",35.080.398,47.031.095,"3,81B","1,11","32,77","7,91",30 abr 2026,"1,04 (0,40%)",9 feb 2026,"296,33"
2026-04-14 02:01:36,TSLA,"352,42","349,00","350,17","352,05 x 100","352,84 x 100","348,57 - 356,35","222,79 - 498,83",52.761.941,61.690.690,"1,322B","1,91","326,31","1,08",22 abr 2026,--,--,"415,30"
2026-04-15 01:58:07,AAPL,"258,83","259,20","259,10","246,23 x 100","272,30 x 100","257,19 - 261,93","189,81 - 288,62",39.378.346,47.195.496,"3,804B","1,11","32,80","7,89",30 abr 2026,"1,04 (0,40%)",9 feb 2026,"296,33"
2026-04-15 01:58:16,TSLA,"364,20","352,42","357,36","363,98 x 200","364,54 x 200","354,77 - 367,63","222,79 - 498,83",56.252.996,61.866.270,"1,367B","1,91","322,30","1,13",22 abr 2026,--,--,"415,30"
2026-04-16 02:05:55,AAPL,"266,43","258,79","258,10","266,13 x 100","266,58 x 200","257,82 - 266,56","189,81 - 288,62",49.686.657,46.824.635,"3,916B","1,11","33,68","7,91",30 abr 2026,"1,04 (0,39%)",9 feb 2026,"296,46"
2026-04-16 02:06:03,TSLA,"391,95","364,16","366,80","391,75 x 300","393,01 x 200","362,50 - 394,65","222,79 - 498,83",113.152.672,62.755.566,"1,471B","1,91","332,16","1,18",22 abr 2026,--,--,"415,30"
2026-04-17 02:02:04,AAPL,"263,40","266,43","266,80","262,84 x 200","274,56 x 100","261,27 - 267,16","189,81 - 288,62",43.105.688,46.769.181,"3,871B","1,11","33,34","7,90",30 abr 2026,"1,04 (0,39%)",9 feb 2026,"296,46"
2026-04-17 02:02:12,TSLA,"388,90","391,95","393,81","389,18 x 200","389,27 x 200","381,80 - 394,06","222,79 - 498,83",63.153.286,62.772.860,"1,459B","1,91","356,79","1,09",22 abr 2026,--,--,"414,59"
2026-04-18 01:52:57,AAPL,"270,23","263,40","267,10","269,76 x 200","280,56 x 100","266,72 - 272,30","189,81 - 288,62",55.211.089,46.770.159,"3,972B","1,11","33,32","8,11",30 abr 2026,"1,04 (0,38%)",9 feb 2026,"297,46"
2026-04-18 01:53:06,TSLA,"400,62","388,90","395,92","400,37 x 100","400,91 x 200","391,65 - 409,28","222,79 - 498,83",90.217.327,62.775.052,"1,503B","1,91","357,70","1,12",22 abr 2026,--,--,"414,59"
2026-04-19 02:06:15,AAPL,"270,23","263,40","267,10","269,76 x 200","280,56 x 100","266,72 - 272,28","189,81 - 288,62",55.211.089,47.004.750,"3,972B","1,11","34,25","7,89",30 abr 2026,"1,04 (0,38%)",9 feb 2026,"297,46"
2026-04-19 02:06:24,TSLA,"400,62","388,90","395,92","400,37 x 100","400,91 x 200","391,65 - 409,28","222,79 - 498,83",90.217.327,63.220.429,"1,503B","1,91","370,94","1,08",22 abr 2026,--,--,"414,59"
2026-04-20 02:06:59,AAPL,"270,23","263,40","267,10","269,76 x 200","280,56 x 100","266,72 - 272,28","189,81 - 288,62",55.211.089,46.459.459,"3,972B","1,11","34,25","7,89",30 abr 2026,"1,04 (0,38%)",9 feb 2026,"297,46"
2026-04-20 02:07:08,TSLA,"400,62","388,90","395,92","400,37 x 100","400,91 x 200","391,65 - 409,28","222,79 - 498,83",90.217.327,63.220.972,"1,503B","1,91","370,94","1,08",22 abr 2026,--,--,"414,59"
2026-04-21 02:02:52,AAPL,"273,05","270,23","270,33","256,78 x 100","283,98 x 100","270,29 - 274,27","193,25 - 288,62",34.667.241,46.163.596,"4,013B","1,11","34,61","7,89",30 abr 2026,"1,04 (0,38%)",9 feb 2026,"297,46"
2026-04-21 02:03:01,TSLA,"392,50","400,62","402,58","392,07 x 100","393,06 x 200","388,33 - 406,80","222,79 - 498,83",64.190.600,63.220.972,"1,473B","1,91","363,43","1,08",22 abr 2026,--,--,"414,59"
2026-04-22 02:01:20,AAPL,"266,17","273,05","271,45","265,70 x 100","280,01 x 100","265,40 - 272,80","193,25 - 288,62",49.363.473,46.336.765,"3,912B","1,11","34,61","7,69",30 abr 2026,"1,04 (0,38%)",9 feb 2026,"297,71"
2026-04-22 02:01:30,TSLA,"386,42","392,50","393,05","385,65 x 100","386,78 x 200","385,22 - 393,95","244,43 - 498,83",50.233.360,62.819.834,"1,45B","1,91","357,80","1,08",22 abr 2026,--,--,"415,81"
2026-04-23 02:05:10,AAPL,"273,17","266,17","267,82","272,96 x 100","273,46 x 100","266,87 - 273,74","193,25 - 288,62",42.729.584,46.362.378,"4,015B","1,11","34,62","7,89",30 abr 2026,"1,04 (0,38%)",9 feb 2026,"297,71"
2026-04-23 02:05:18,TSLA,"387,51","386,42","387,56","387,45 x 100","387,90 x 100","385,30 - 393,00","249,20 - 498,83",53.758.836,62.845.242,"1,454B","1,91","355,51","1,09",22 abr 2026,--,--,"415,81"
2026-04-24 02:05:58,AAPL,"273,43","273,17","275,05","273,05 x 500","273,98 x 500","271,65 - 275,77","193,25 - 288,62",33.138.070,46.152.330,"4,014B","1,11","34,66","7,89",30 abr 2026,"1,04 (0,38%)",9 feb 2026,"297,71"
2026-04-24 02:06:07,TSLA,"373,72","387,51","375,48","373,66 x 500","374,18 x 100","368,39 - 385,34","259,63 - 498,83",93.500.126,63.410.796,"1,404B","1,91","346,04","1,08",22 jul 2026,--,--,"419,00"
2026-04-25 01:55:19,AAPL,"271,06","273,43","272,76","266,00 x 100","286,63 x 100","269,65 - 273,06","193,25 - 288,62",38.033.227,46.026.709,"3,979B","1,11","34,31","7,90",30 abr 2026,"1,04 (0,38%)",9 feb 2026,"297,71"
2026-04-25 01:55:28,TSLA,"376,30","373,72","373,26","376,37 x 200","376,78 x 500","370,73 - 382,76","270,78 - 498,83",62.357.183,63.404.909,"1,413B","1,91","345,23","1,09",22 jul 2026,--,--,"419,00"
2026-04-26 02:09:14,AAPL,"271,06","273,43","272,76","266,00 x 100","286,63 x 100","269,67 - 273,06","193,25 - 288,62",38.033.227,45.866.346,"3,979B","1,11","34,35","7,89",30 abr 2026,"1,04 (0,38%)",9 feb 2026,"297,71"
2026-04-26 02:09:23,TSLA,"376,30","373,72","373,26","376,37 x 200","376,78 x 500","370,73 - 382,76","270,78 - 498,83",62.357.183,63.630.837,"1,413B","1,91","345,23","1,09",22 jul 2026,--,--,"418,38"
2026-04-27 02:11:31,AAPL,"271,06","273,43","272,76","266,00 x 100","286,63 x 100","269,65 - 273,06","193,25 - 288,62",38.157.110,45.804.347,"3,979B","1,11","34,35","7,89",30 abr 2026,"1,04 (0,38%)",9 feb 2026,"297,71"
2026-04-27 02:11:40,TSLA,"376,30","373,72","373,26","376,37 x 200","376,78 x 500","370,73 - 382,76","270,78 - 498,83",62.893.307,64.055.390,"1,413B","1,91","345,23","1,09",22 jul 2026,--,--,"418,38"
